ID,SIZE,FWD,REV
1_20,783,HGCTATGGTTGTCAATAAATTCA,TTGCACTTGAACCCACTCCC
1_23,2243,ATCCGTGGCCAYATTTTGCA,AATGGTGCCTCTTCCTCTGC
1_30,848,YCAAGCTTGTTCTGTGCAAA,ACATTCCCTTTTGTYCTTAAGGC
1_27,1451,RGCTTTCTACAAGCAGCTCA,TGCTGTAGGAACTAGTGGCC
1_33,847,CCTCTCTARCCACCCACCGG,KCTTGTTCAGATCCCCATGTG
1_34,880,TCACTTCACTGCARAAATCAGCA,CTTCGCTGCAACATTGTGGT
3_5,718,TGATGTTACTTTCTTGAGCTTGCT,SATGGCTACATGACAATCACT
4_4,700,AGATGGTTGATGTGGTTTGTGG,ATGAAATCRCTGGTTATCCCAACAT
5_5,1012,TGTTGCACACTCWGGAGCCATCA,AGTGCATGATTTGTCAAAGAAGGG
7_5,875,TTCCTYGCTCTCACATCCCC,RGTGACACTAGTAATGCTTTTGA
